trainpct,trial1,trial2,trial3,trial4,trial5,mean,se
1,15.54,15.15,16.06,14.4,15.31,15.292,0.2708763556
2,9.98,11.8,10.58,10.73,10.18,10.654,0.3165059241
5,6.59,6.65,6.27,7.11,6.88,6.7,0.1414213562
10,4.77,4.73,5.02,5.07,4.83,4.884,0.0680881781
100,1.604,1.444,1.59,1.344,1.48,1.4924,0.048217839
